<?xml version="1.0" encoding="utf-8"?>
<metadata>
    <layout title="COM_VOLUNTEERS_TITLE_ITEM_VIEW_VOLUNTEER" option="View">
        <message>
                        <![CDATA[COM_VOLUNTEERS_TITLE_ITEM_VIEW_VOLUNTEER_DESC]]>
        </message>
    </layout>
    <fields name="request">
        <fieldset 
            name="request"
            label="COM_VOLUNTEERS_FIELDSET_ITEM_ID_SELECT_LABEL">
            <field
                name="id"
                query="SELECT `id`, `firstname` FROM #__volunteers_volunteers ORDER BY `id`"
                type="sql"
                key_field="id" 
                value_field="firstname"
                label="COM_VOLUNTEERS_ITEM_ID_SELECT_LABEL"
                require="true"
                description="JGLOBAL_SHOW_TITLE_DESC">
            </field>
        </fieldset>
    </fields>
</metadata>
